2,"RT @SkirlCookie: Christmas time:ğŸ„ğŸ¶
""Why's everyone scared when Hark! The Herald Angels Sing plays?""
*watches Conjuring 2*
""Oh that's why...â€¦"
0,Gonna watch the conjuring 1 and 2. What is wrong with me
2,The Conjuring 2 2016 English Film Free Watch Online&gt;&gt; https://t.co/hsCXhMeA0h #xvideos
2,Vou ver The conjuring 2 c a Leo
4,my classmates forced me to watch The Conjuring 2 with them earlier.... now I can't sleep ğŸ˜© #FaceYourFears pa ğŸ™„
2,The Conjuring 2 2016 Download&gt;&gt; https://t.co/hsCXhMeA0h #xvideos
2,The Conjuring 2 yassss
2,"The Conjuring 2 aja gue belum nonton, ini yg ke 3 dah mau ada. Pengen bakar valak kalo kayak giniğŸ˜¥"
2,Nw: The Conjuring Part 2
2,The Movie Preview Review Eps 205 - The Conjuring 2 https://t.co/ScK9wFPv0R
2,The Movie Preview Review Eps 205 - The Conjuring 2 https://t.co/gLMcmv6rG9
2,The Movie Preview Review Eps 205 - The Conjuring 2 https://t.co/pGbYQIVI6f
2,The Movie Preview Review Eps 205 - The Conjuring 2 https://t.co/fWejfrff32
2,nw: The Conjuring 2
2,RT @Vailir: Ù…Ù‚Ù„Ø¨ Ø¹Ù„Ù‰ Ø·Ø±ÙŠÙ‚Ø© ÙÙ„Ù… Ø§Ù„Ø±Ø¹Ø¨ THE CONJURING 2 ğŸ˜‚ğŸ‘ŒğŸ» : https://t.co/JFTCoGFRIj
2,@rlj2nnie The Conjuring 2
2,"Conjuring 2
Masterminds
The Nice Guys
Everybody Wants Some

Is it just me or the movies released in 2016 are mostly in 60's to 80's setting?"
2,I'm watching The Conjuring 2 (2016) https://t.co/e9swH6wHKo #trakt
2,nw // The Conjuring 2
2,"Christmas time:ğŸ„ğŸ¶
""Why's everyone scared when Hark! The Herald Angels Sing plays?""
*watches Conjuring 2*
""Oh that's why...""ğŸ˜¨ğŸ›Œ"
2,watching The Conjuring 2
2,11 Fakta Unik Film Lights Out yang Siap Menandingi The Conjuring 2 https://t.co/8th7Z6t8wV  #SQ1502958  #loopsquads2016
0,"Recently watched The Conjuring 1+2, they were not too awful. Next Annabelle, dolls aren't scary to me however"
2,Ø£Ø¹Ø¬Ø¨Ù†ÙŠ ÙÙŠØ¯ÙŠÙˆ @YouTube Ø¹Ù„Ù‰ https://t.co/11jZ6VK4xp Ø­ØµØ±ÙŠØ§ ÙÙŠÙ„Ù… Ø§Ù„Ø±Ø¹Ø¨ The Conjuring 2 Ø§Ù„Ø¬Ø²Ø¡ Ø§Ù„Ø«Ø§Ù†ÙŠ
2,Ø¯ÛŒØ´Ø¨ The Conjuring 2 Ø±Ùˆ Ø¯ÛŒØ¯Ù… Ùˆ Ø®ÙˆØ¨ Ú†ÛŒØ²ÛŒ Ø¨Ø±Ø§ÛŒ ØªØ±Ø³ÛŒØ¯Ù† Ù†Ø¯Ø§Ø´Øª ØŒ ÛŒÚ© ØªØ¨Ù„ÛŒØº Ø¨Ù‡ Ù†ÙØ¹ Ú©Ù„ÛŒØ³Ø§ Ø¨ÙˆØ¯ Ø§Ø² ÛŒÚ© Ø¯Ø§Ø³ØªØ§Ù† Ú©Ù‡ Ø§Ø¯Ø¹Ø§ Ù…ÛŒÚ©Ù†Ù† ÙˆØ§Ù‚Ø¹ÛŒ Ø¨ÙˆØ¯Ù‡
2,WeeklyBestTrack #1.Awake(13) #2.Conjuring the Thoughts(13) #3.Cursed by Belief(13)  https://t.co/q3HX0kpxTq #lastfm
2,RT @Vailir: Ù…Ù‚Ù„Ø¨ Ø¹Ù„Ù‰ Ø·Ø±ÙŠÙ‚Ø© ÙÙ„Ù… Ø§Ù„Ø±Ø¹Ø¨ THE CONJURING 2 ğŸ˜‚ğŸ‘ŒğŸ» : https://t.co/JFTCoGFRIj
0,RT @BDisgusting: .@creepypuppet just gave us all permission to classify The Conjuring 2 as a Christmas movie. Hallelujah! https://t.co/dFL2â€¦
4,The Conjuring 2' is the only horror movie worth watching...tried 'Lights Out' and i was lights out in 5 minutes
2,@dillamonster THE CONJURING 2
2,pak arif the best emang â˜… The Conjuring 2 (at Gedung B FISIP) â€” https://t.co/S6ak0X0HYP
0,James Wan Wants You To Know That â€˜The Conjuring 2â€™ Is Totally a Christmas Movie - https://t.co/qugiAjc9Yv
0,@MadHattered1966 @CaptainTomStL I love The Conjuring but Conjuring 2 I felt was missing the spark and the creativity of the first one.
2,Uji nyali  ğŸ˜ â˜… The Conjuring 2 â€” https://t.co/8xLqr67IVx
0,"ğŸ‘¦: km lbh takut nntn Ouija atau The Conjuring 2?
ğŸ‘§: gatakut 2-2nya
ğŸ‘¦: lah?trs tkutnya sm apa?
ğŸ‘§: aku cm tkt ditinggal pas lg syg-syg nya
ğŸ‘¦:."
4,That awkward feeling when my first words uttered today will be to the student and I'll soon like old man Bill from The Conjuring 2 #esl
2,the conjuring 2 ØªØ§Ù†ÙŠ ÙÙŠÙ„Ù… Ø§Ø­Ø¶Ø±Ù‡ ÙÙŠ Ø§Ù„Ù…Ø¯Ø±Ø³Ù‡ Ø¨Ø¹Ø¯ evil dead ÙˆÙ„Ø³Ø§ ğŸ˜‚ğŸ˜‚ğŸ˜‚ğŸ˜‚
4,Watching Conjuring 2. Anyone who knows me personally knows that I love exorcist movies! â¤â¤ I even love the show The Exorcist on Fox
2,"@DaddyRxpe Ich kann dir die Serie ""Scream"" empfehlen und den Film: The Conjuring (1&amp;2)"
0,maybe i shouldn't be watching the Conjuring 2 rn ğŸ™‚
0,James Wan Wants You To Know That 'The Conjuring 2' Is Totally a Christmas Movie - Bloody Disgusting! https://t.co/YaMDcyC4SF
2,"New Arrival: The Conjuring 2 (James Wan, 2016, US). https://t.co/8yVKQiLIvu"
4,"RT @NEOZTexts: youngbin: lmao dawon cried watching the conjuring 2
dawon: psh, i dont believe in ghosts

chani: i just saw valak
dawon: HOLâ€¦"
4,the conjuring 2 will have you jumping out your skin ğŸ˜³
4,someone made an entire gifset of the nun from the conjuring 2 omg i can't imagine staring at it for like 2hrs ğŸ˜³
4,Just watched The Conjuring 2. Probably not sleeping tonight
2,why does Charlie deicide he wants to watch the conjuring 2 during these late hours https://t.co/vGRfa95YJB
2,Watching The Conjuring 2 (with ramahda) â€” https://t.co/mLxkmv5pYH
2,I got The Conjuring 2 from @redbox but the DVD is so scratched up it won't even play. ğŸ˜’
2,The conjuring 1 &amp; 2 https://t.co/ykqUgrtddr
4,5/5 #Review on #TheConjuring2 by sydney1980 : A-movie-to-remember -https://t.co/lnMb0Qok6B
2,Leh ugha â˜… The Conjuring 2 (with x ips 3) â€” https://t.co/V9A78W7Mgs
2,The conjuring 2 and dabs
2,agora deu vontade de rever the conjuring 2 sÃ³ pra ver patrick wilson cantando
4,This nigga damn near jumped out his draws watxhing the first 10 minutes of conjuring 2 ğŸ˜‚ğŸ˜‚ğŸ˜‚
2,@Jalisasweetlove @Akee_x2 @vibenotthere no .. only the conjuring 2 ğŸ˜´ğŸ˜‚
2,Finna watch the conjuring 2
2,"RT @soulzakate: Vote for this cutie right now at #pca2017! Favorite Cable Tv Actress and also The Conjuring 2 and Bates Motel â¤ï¸â¤ï¸â¤ï¸
https:â€¦"
0,RT @BDisgusting: James Wan Wants You To Know That â€˜The Conjuring 2â€™ Is Totally a ChristmasÂ Movie https://t.co/XAwO8xNEi2
2,Mood: the conjuring 2
4,I just voted for The Conjuring 2  to win Favorite Thriller Movie at People's Choice Awards 2017!
2,RT @nurinaezzaty_: Watch The Conjuring 2 Full Movie Online Free https://t.co/E1JlG9Msl0
0,So my fam &amp; I decided to watch the conjuring 2 &amp; use the go pro to record our reactions this should be a fun night ğŸ˜„
2,PHIL TALKED ABOUT THE CONJURING 2 PLEASE TAG THAT
2,"RT @soulzakate: Vote for this cutie right now at #pca2017! Favorite Cable Tv Actress and also The Conjuring 2 and Bates Motel â¤ï¸â¤ï¸â¤ï¸
https:â€¦"
2,Vote for this cutie right now at #pca2017! Favorite Cable Tv Actress and also The Conjuring 2 and Bates Motel â¤ï¸â¤ï¸â€¦ https://t.co/0qgk99Z0xY
2,RT @FreddyInSpace: Patrick Wilson singing Elvis in The Conjuring 2. https://t.co/Bn9r3Qv1Oe
4,"#DLMChallenge movie #277 ""The Conjuring 2"": Not as good as first one but still really good. Wilson &amp; Farmiga are great  #366Movies #366Days"
2,The kids from Conjuring 2 https://t.co/dRuJlM9bbE
2,Watch The Conjuring 2 Full Movie Online Free https://t.co/E1JlG9Msl0
2,Watching the conjuring 2 by myself what up
2,watching the conjuring 2 at this time I think this is a mistake
2,RT @based_goddvss: The Conjuring 2 https://t.co/TR86GMKEbX
2,The Conjuring 2 https://t.co/TR86GMKEbX
2,RT @vvickedd: action shot of my brother recreating The Conjuring 2 scene https://t.co/yrbuM65sIb
2,john is watching the conjuring 2 i hope the elvis song stays in his head n he dedicates it 2 me
0,RT @DamnAddictions: Woman got possessed after watching The Conjuring 2 ğŸ˜³ https://t.co/3FF1NRWd7o
2,watching The Conjuring 2
2,RT @FreddyInSpace: Patrick Wilson singing Elvis in The Conjuring 2. https://t.co/Bn9r3Qv1Oe
2,ğŸ˜œğŸ˜ğŸ˜ğŸ™ŒğŸ»ğŸ™ğŸ»ğŸ’™ â€” watching The Conjuring 2
2,ğŸ˜±ğŸ˜³ğŸ˜–ğŸ˜²ğŸ‘¹ğŸ‘¿ğŸ’€ â€” watching The Conjuring 2
2,The Conjuring 2. #ALDUBMistakenIdentity https://t.co/OckOopXphI
2,@Omni1996 Ø·Ø¨ Ø¬Ø±Ø¨ÙŠ ÙƒØ¯Ù‡ #the_conjuring_2 â˜ ï¸ğŸ˜ˆØ¬Ø§ÙŠØ² ÙŠØ¬ÙŠØ¨ Ù†ØªÙŠØ¬Ø© ğŸ˜‚ğŸ‘»
0,Fuck the conjuring 2 https://t.co/ZPORVPKDcW
2,@Friskynerd they looked like the demons in Conjuring 2
2,æ˜ ç”»ã€The Conjuring 2ã€‘ã€ãªã‹ãªã‹è‰¯ã„ãƒ›ãƒ©ãƒ¼æ˜ ç”»ã§ã—ãŸã€‚ https://t.co/OEdOA6Yrz7
2,About to have a family viewing of THE CONJURING 2. The kids have been anticipating Mum's terror all day.
2,*Bykhosh ytfrg 3la the conjuring 2 w byfkss l l mozkara ely 3leh*ğŸš¶ğŸ™…
2,Nonton apa kita hari iniii â˜… The Conjuring 2 â€” https://t.co/9Eq0pkZf7l
0,"RT @TheConjuring: #TheConjuring2's an adult version of your childish nightmares says @verafarmiga. See it now: https://t.co/MTbvLqM6Fh
httpâ€¦"
0,"RT @TheConjuring: #TheConjuring2's an adult version of your childish nightmares says @verafarmiga. See it now: https://t.co/MTbvLqM6Fh
httpâ€¦"
2,Dr hp aja â˜… The Conjuring 2 â€” https://t.co/Db0SGoe6kg
2,Gostei de um vÃ­deo @YouTube https://t.co/kFuZjKi52v Man Music ( Musica do homem torto)- The conjuring 2
2,"Movie Chat: The Conjuring 2
 This movie review is courtesy of  Erica Lynn. 
https://t.co/W2PPnPL6wt"
4,I wish I could build myself up to watch the conjuring 2 again but there's just no way it's happening
2,The Conjuring 2 (English) .. https://t.co/bImPG38YBm
0,RT @BDisgusting: James Wan Wants You To Know That â€˜The Conjuring 2â€™ Is Totally a ChristmasÂ Movie https://t.co/XAwO8xNEi2
2,5 minutes into the conjuring 2 @xNolr @xanther__ @HaxEtc https://t.co/O6hHoDxgwZ
2,depuis que j'ai regardÃ© the conjuring 2 jlai dans la tete
2,ã€æ˜ ç”»ã€The Conjuring 2ã€‘ã€ãªã‹ãªã‹è‰¯ã„ãƒ›ãƒ©ãƒ¼æ˜ ç”»ã§ã—ãŸã€‚ã€ãã«ã‚¿ã‚¤ã¶ã‚ãï½œhttps://t.co/eK3DNseLzk
2,ã€æ˜ ç”»ã€The Conjuring 2ã€‘ã€ãªã‹ãªã‹è‰¯ã„ãƒ›ãƒ©ãƒ¼æ˜ ç”»ã§ã—ãŸã€‚ã€ãã«ã‚¿ã‚¤ã¶ã‚ãï½œhttps://t.co/eK3DNseLzk
2,Expediente Warren 2: El caso de Enfield me parece una pelÃ­cula de 8 https://t.co/XDn9RppTc7 en @tviso_es
2,He visto la pelÃ­cula Expediente Warren 2: El caso de Enfield https://t.co/XDn9RppTc7 en @tviso_es
2,@_malik_conda conheÃ§o aquela freira de algum lado.....The Conjuring 2?
2,RT @FreddyInSpace: Patrick Wilson singing Elvis in The Conjuring 2. https://t.co/Bn9r3Qv1Oe
2,ÙƒÛ†Ù…ÛŒØ¯ÛŒØªØ±ÛŒÙ† ÙÙ„ÛŒÙ…ÛŒ Ø³Ø§Úµ â€” watching The Conjuring 2
2,"RT @Ms_Erica_Lynn: Y'all go check out my review for The Conjuring 2 on Myra Nour's fabulous horror blog!
https://t.co/qgjr6YE1SZ"
0,@challahbvck yes! I do the same thing with HP too. In Conjuring 2 there's stockings and a tree for like 10 seconds so it's a Christmas movie
2,Conjuring 2 for the first time.. This shot creepy otg
2,RT @vvickedd: action shot of my brother recreating The Conjuring 2 scene https://t.co/yrbuM65sIb
2,"RT @ColdrockArts: Case files for ANNABELLE, THE CONJURING 1 &amp; 2, AMITYVILLE #HORROR, THE HAUNTING IN CONNECTICUT, and THE EXORCIST.   httpsâ€¦"
2,@pufffycloud the conjuring 2 isn't as good as the first one but it's good if u like a story to follow not as fucked up tho hahaha
0,open invite to the currently two man party blair and i are watching the conjuring 2 and 3.
0,The Conjuring 2 is set around Christmas so it's a Christmas movie idc
2,RT @FreddyInSpace: Patrick Wilson singing Elvis in The Conjuring 2. https://t.co/Bn9r3Qv1Oe
2,RT @FreddyInSpace: Patrick Wilson singing Elvis in The Conjuring 2. https://t.co/Bn9r3Qv1Oe
0,"@daisyphobia same with my mom, we watched The Conjuring 1 + 2 recently and she was like ""HEY IT'S THAT NIGHT OWL GUY!"""
4,RT @creepypuppet: Yes. My aim was to make The Conjuring 2 a 'Christmas-themed and set' horror film. It felt very relevant with the characteâ€¦
2,RT @vvickedd: action shot of my brother recreating The Conjuring 2 scene https://t.co/yrbuM65sIb
2,RT @vvickedd: action shot of my brother recreating The Conjuring 2 scene https://t.co/yrbuM65sIb
0,James Wan Wants You To Know That 'The Conjuring 2' Is Totally a Christmas Movie - Bloody Disgusting https://t.co/LfXseYOCve
2,SOMEONE COME THRU AND WATCH THE CONJURING 2 WITH ME AT MI CASA
0,RT @BDisgusting: James Wan Wants You To Know That â€˜The Conjuring 2â€™ Is Totally a ChristmasÂ Movie https://t.co/XAwO8xNEi2
2,RT @FreddyInSpace: Patrick Wilson singing Elvis in The Conjuring 2. https://t.co/Bn9r3Qv1Oe
2,RT @FreddyInSpace: Patrick Wilson singing Elvis in The Conjuring 2. https://t.co/Bn9r3Qv1Oe
2,Ø£Ø´Ø§Ù‡Ø¯ The Conjuring 2
2,RT @FreddyInSpace: Patrick Wilson singing Elvis in The Conjuring 2. https://t.co/Bn9r3Qv1Oe
2,RT @FreddyInSpace: Patrick Wilson singing Elvis in The Conjuring 2. https://t.co/Bn9r3Qv1Oe
2,RT @FreddyInSpace: Patrick Wilson singing Elvis in The Conjuring 2. https://t.co/Bn9r3Qv1Oe
2,RT @FreddyInSpace: Patrick Wilson singing Elvis in The Conjuring 2. https://t.co/Bn9r3Qv1Oe
2,RT @FreddyInSpace: Patrick Wilson singing Elvis in The Conjuring 2. https://t.co/Bn9r3Qv1Oe
2,The Conjuring 2 https://t.co/SziuR0ZpR2
4,"That made me fall more in love with him, lol. He's great! RT @FreddyInSpace: Patrick Wilson singing Elvis in The Conjuring 2."
2,Patrick Wilson singing Elvis in The Conjuring 2. https://t.co/Bn9r3Qv1Oe
2,Should I watch the conjuring 2 or the witch? ğŸ¤”
2,action shot of my brother recreating The Conjuring 2 scene https://t.co/yrbuM65sIb
2,Why am I watching The Conjuring 2 by myself??
4,"The Conjuring 2: Nun painting room haunt
Everybody Wants Some!!: Sisyphus dialogue river float
Sing Street: ""Driveâ€¦ https://t.co/FnFP9bkWe6"
2,"Watching The Conjuring 2, in the dark, alone. 

What was I thinking ğŸ˜­ğŸ˜©"
2,Please RT #beauty #makeup The Conjuring 2 Valak Nun ? SFX Halloween Makeup Tutorial https://t.co/c6qobUiTaF https://t.co/z8FzUlDLX8
0,Insidious chapter 2 s creepier/ scarier than the conjuring
4,RT @IsaGTorres25: Ready to get scared lol watching the conjuring 2 ğŸ˜± https://t.co/9v65Des4bx
0,RT @BDisgusting: James Wan Wants You To Know That â€˜The Conjuring 2â€™ Is Totally a ChristmasÂ Movie https://t.co/XAwO8xNEi2
4,Ready to get scared lol watching the conjuring 2 ğŸ˜± https://t.co/9v65Des4bx
4,I just voted for The Conjuring 2  to win Favorite Thriller Movie at People's Choice Awards 2017! Cast your vote: https://t.co/Ti2rRl4Csu
4,"RT @liizzie_rosee: support @VeraFarmiga by voting for her, Bates Motel, and the Conjuring 2 @ https://t.co/g53ZSUh30D !!! she deserves itğŸ˜ğŸ’–â€¦"
0,"Retweeted Bloody Disgusting (@BDisgusting):

James Wan Wants You To Know That â€˜The Conjuring 2â€™ Is Totally a... https://t.co/voPqkxCmm6"
0,RT @BDisgusting: James Wan Wants You To Know That â€˜The Conjuring 2â€™ Is Totally a ChristmasÂ Movie https://t.co/XAwO8xNEi2
4,@ichrislavallee @YouTube The Conjuring 2 was super scary!
2,ÙÙŠÙ„Ù… The Conjuring 2 Ø¬Ø§Ø¨Ù„ÙŠ Ø³ÙƒØªØ© Ù‚Ù„Ø¨ÙŠØ© Ø®Ù„Ø§Øµ.
2,"RT @FASTFURlOUS8: At the beginning of 2003â€™s â€œ2 Fast 2 Furious,â€ Brian Oâ€™Conner drives an R34-generation Nissan Skyline GT-R https://t.co/Dâ€¦"
2,https://t.co/Hwxp5JEI0G https://t.co/ExJnF0MaqM
2,"RT @ElBlogdelMayate: Hoy les presento el caso de #LadyElotes 
Este video tiene mas acciÃ³n que las ultimas pelÃ­culas de Fast and Furious.
#Pâ€¦"
2,FAST AND FURIOUS 2 : 2 FAST 2 FURIOUS (2003) https://t.co/OURsqhuKck https://t.co/9ckNvw7ynr
2,2 fast 2 furious https://t.co/dTXKxiDYE2
2,I liked a @YouTube video https://t.co/Xkbg2yKjLk 2 Chainz &amp; Wiz Khalifa - We Own It (Fast &amp; Furious) (Lyric Video)
2,I liked a @YouTube video https://t.co/y2QxnWDlhc Fast &amp; Furious 6 # Wiz Khalifa Feat. 2 Chainz - We Own It [HQ]
2,"Pixar's 'Legendary Lunch' was 20 years ago today, where execs outlined on a napkin the plots of 2 Fast 2 Furious, Fast 5, and Tokyo Drift."
2,"RT @Boazziz: Remember this guy? #BrianTerry, #Obama wants U 2 4get him &amp; #Fast&amp;Furious.  Remind others he is NOT 4gotten. https://t.co/CtGpâ€¦"
2,"RT @ElBlogdelMayate: Hoy les presento el caso de #LadyElotes 
Este video tiene mas acciÃ³n que las ultimas pelÃ­culas de Fast and Furious.
#Pâ€¦"
2,"RT @ElBlogdelMayate: Hoy les presento el caso de #LadyElotes 
Este video tiene mas acciÃ³n que las ultimas pelÃ­culas de Fast and Furious.
#Pâ€¦"
2,#2 Fast 2 Furious|====&gt; https://t.co/R9WSDjMJ0e #myfirstTweet #porn
2,2 Fast 2 Furious full movie â–¶ https://t.co/xprWqg8D6B #xvideos @HANUM_movie #myfirstTweet
2,ğŸ“· dailyactress: Devon Aoki in 2 Fast 2 Furious https://t.co/ewsurhtRR3
2,2 Chainz &amp; Wiz Khalifa - We Own It (Fast &amp; Furious) (Lyric Video) https://t.co/RhZXq9Qnzy via @YouTube
2,"RT @world_aflam: 4 https://t.co/FxKutPk3d9
5 https://t.co/vfpGVFPsKN
6 https://t.co/P4y4gnoBU7
7 https://t.co/PsCvMT74SD https://t.co/3T5Kkâ€¦"
0,@bechillcomedian @TomGoodliffe Weird font/colours choice made me briefly think it was some weird 2 Fast 2 Furious sâ€¦ https://t.co/aUuDQHEElp
0,Funny(NOT REALLY) how this stuff ends up in popular movies like Fast and Furious 2 (I think). https://t.co/jghP87jg49
2,"Listen to 2 Chainz &amp; Wiz Khalifa ""We Own It (Fast &amp; Furious)"" by Def Jam Recordings #np on #SoundCloud https://t.co/Zzam35TVYD"
2,I won the How Long Was That Runway? achievement in Forza Horizon 2 Presents Fast &amp; Furious (Xbox 360) for 125... https://t.co/qFPclf1Qig
2,I won the Perks of the Job achievement in Forza Horizon 2 Presents Fast &amp; Furious (Xbox 360) for 49 #TrueAchi... https://t.co/qFPclf1Qig
2,I won the 9 Second Car achievement in Forza Horizon 2 Presents Fast &amp; Furious (Xbox 360) for 48 #TrueAchievem... https://t.co/qFPclf1Qig
2,I won the Chain Reaction achievement in Forza Horizon 2 Presents Fast &amp; Furious (Xbox 360) for 38 #TrueAchiev... https://t.co/qFPclf1Qig
2,I won 2 achievements in Forza Horizon 2 Presents Fast &amp; Furious (Xbox 360) for 83 #TrueAchievement pts https://t.co/qFPclf1Qig
0,Fools out here tryin to be 2 Fast 2 Furious n shit.
2,I won the Fully Charged achievement in Forza Horizon 2 Presents Fast &amp; Furious (Xbox 360) for 47 #TrueAchieve... https://t.co/qFPclf1Qig
2,"@Drenilooh Wie 2 Fast 2 Furious, nur mÃ¼sste es dafÃ¼r eine Story haben."
2,I won the Got Nothin' But Time achievement in Forza Horizon 2 Presents Fast &amp; Furious (Xbox 360) for 47 #True... https://t.co/qFPclf1Qig
2,I won the Just Don't Scratch It achievement in Forza Horizon 2 Presents Fast &amp; Furious (Xbox 360) for 47 #Tru... https://t.co/qFPclf1Qig
2,I won 2 achievements in Forza Horizon 2 Presents Fast &amp; Furious (Xbox 360) for 67 #TrueAchievement pts https://t.co/qFPclf1Qig
2,I won the What Do You Drift For? achievement in Forza Horizon 2 Presents Fast &amp; Furious (Xbox 360) for 46 #Tr... https://t.co/qFPclf1Qig
2,"RT @ElBlogdelMayate: Hoy les presento el caso de #LadyElotes 
Este video tiene mas acciÃ³n que las ultimas pelÃ­culas de Fast and Furious.
#Pâ€¦"
2,I won 3 achievements in Forza Horizon 2 Presents Fast &amp; Furious (Xbox 360) for 111 #TrueAchievement pts https://t.co/qFPclf1Qig
4,"RT @Boazziz: Remember this guy? #BrianTerry, #Obama wants U 2 4get him &amp; #Fast&amp;Furious.  Remind others he is NOT 4gotten. https://t.co/CtGpâ€¦"
2,"Netflix: check out Robert Williams in flunber oh here's Paul Newman in 2 fast 2 furious Tokyo drift
Me: 2016 fr*ckin sucks"
2,I won 4 achievements in Forza Horizon 2 Presents Fast &amp; Furious (Xbox 360) for 139 #TrueAchievement pts https://t.co/qFPclf1Qig
2,I won 2 achievements in Forza Horizon 2 Presents Fast &amp; Furious (Xbox 360) for 73 #TrueAchievement pts https://t.co/qFPclf1Qig
2,I won 3 achievements in Forza Horizon 2 Presents Fast &amp; Furious (Xbox 360) for 104 #TrueAchievement pts https://t.co/qFPclf1Qig
0,I won the Fast and Furious achievement in Forza Horizon 2 Presents Fast &amp; Furious (Xbox 360) for 100 #TrueAch... https://t.co/qFPclf1Qig
0,I started the game Forza Horizon 2 Presents Fast &amp; Furious (Xbox 360) https://t.co/3bw1UaLv1U
4,"RT @Boazziz: Remember this guy? #BrianTerry, #Obama wants U 2 4get him &amp; #Fast&amp;Furious.  Remind others he is NOT 4gotten. https://t.co/CtGpâ€¦"
2,"RT @RodrigoNunez44: 2 Fast 2 Furious 
Mexico Drift https://t.co/jPiymGHVEu"
4,"I've watched the entire LOTR series, Fast and Furious 4-7 the hobbit and Expendables 2 in about 24 hours so that's cool"
4,"RT @BuchmanCraig: Crimes of The King:
- Stole $50++ Billion&gt;GSEs
-Air Dropped $1.4 Billion 2 Iran 
- Sprays US W/ #chemtrails 
-Fast&amp;Furiouâ€¦"
2,"Crimes of The King:
- Stole $50++ Billion&gt;GSEs
-Air Dropped $1.4 Billion 2 Iran 
- Sprays US W/ #chemtrails 
-Fast&amp;Furious
-DHS Muslim Bro's"
2,"@sm_hull 1. but would you ever call GOF your favorite of the bunch? 2. From what I'm understanding here, HP is just your Fast&amp;Furious"
2,My â˜…Â½ review of The Fast and the Furious: Tokyo Drift (2006) on @letterboxd: https://t.co/qq86WhPM3l
4,"RT @Boazziz: Remember this guy? #BrianTerry, #Obama wants U 2 4get him &amp; #Fast&amp;Furious.  Remind others he is NOT 4gotten. https://t.co/CtGpâ€¦"
2,NEW in 2018: Fast &amp; Furious 14: Back on Mars: Paul Walker Tribute 2
2,2 fast 2 furious https://t.co/H6jFjilPeL
2,"RT @ElBlogdelMayate: Hoy les presento el caso de #LadyElotes 
Este video tiene mas acciÃ³n que las ultimas pelÃ­culas de Fast and Furious.
#Pâ€¦"
2,".@itentwentyseven ã•ã‚“ã® @YouTube å‹•ç”»ã‚’é«˜ãè©•ä¾¡ã—ã¾ã—ãŸ: https://t.co/3T0ll5KGlB Gag Reels Fast and Furious 2,4,5,6"
2,"RT @ElBlogdelMayate: Hoy les presento el caso de #LadyElotes 
Este video tiene mas acciÃ³n que las ultimas pelÃ­culas de Fast and Furious.
#Pâ€¦"
2,2 Chainz &amp; Wiz Khalifa - We Own It (Fast &amp; Furious) (Lyric Video) https://t.co/iBiJP371fH via @YouTube
2,"RT @ElBlogdelMayate: Hoy les presento el caso de #LadyElotes 
Este video tiene mas acciÃ³n que las ultimas pelÃ­culas de Fast and Furious.
#Pâ€¦"
2,"Hoy les presento el caso de #LadyElotes 
Este video tiene mas acciÃ³n que las ultimas pelÃ­culas de Fast and Furious.â€¦ https://t.co/tm7dj8cAlO"
2,"RT @thienques: Ai vc vai ver a programaÃ§Ã£o do cinema 2017

star wars 8
thor ragnarok
guardios da galaxia 2
spiderman
fast &amp; furious 8
powerâ€¦"
2,"Ai vc vai ver a programaÃ§Ã£o do cinema 2017

star wars 8
thor ragnarok
guardios da galaxia 2
spiderman
fast &amp; furious 8
power rangers

haja $"
2,"All of the fast and furious (but not Tokyo drift)
Season 1&amp;2 of Grey's anatomy
Season 1 of Criminal Minds
Season 2 of True blood"
2,"â€˜2 Chainz &amp; Wiz Khalifa ""We Own It (Fast &amp; Furious)""â€™ on #SoundCloud #np https://t.co/Ju6qxT1YSv"
2,"â™• ~ Magisches Trio von Jade ~ Fast and Furious ~ â™• 

Wer von den Trio soll raus ?
[1 = Toretto] - [2 = Brian] -... https://t.co/SwabuTY7FU"
2,RT @BiggaBoss_Biggz: 2 fast 2 furious smfh https://t.co/7rAySm7aUG
2,2 fast 2 furious smfh https://t.co/7rAySm7aUG
4,"RT @Boazziz: Remember this guy? #BrianTerry, #Obama wants U 2 4get him &amp; #Fast&amp;Furious.  Remind others he is NOT 4gotten. https://t.co/CtGpâ€¦"
4,"RT @TheAngieNC2: @FoxNews @POTUS Ransom 2 Iran, Benghazi, Fast &amp; Furious, Louis Lerner Yep never another admin like this one"
4,RT @TommyToeHold: I definitely have to do something with that at some point. Absolutely ludicrous. Like 2 Fast 2 Furious ludicrous. https:/â€¦
0,"""Now You See Me 2 is a 10Ã— worse version of Fast and Furious"""
4,"RT @Boazziz: Remember this guy? #BrianTerry, #Obama wants U 2 4get him &amp; #Fast&amp;Furious.  Remind others he is NOT 4gotten. https://t.co/CtGpâ€¦"
4,I added a video to a @YouTube playlist https://t.co/hYteDLaICS 2 Chainz &amp; Wiz Khalifa - We Own It (Fast &amp; Furious) (Lyric Video)
4,"RT @Boazziz: Remember this guy? #BrianTerry, #Obama wants U 2 4get him &amp; #Fast&amp;Furious.  Remind others he is NOT 4gotten. https://t.co/CtGpâ€¦"
2,Breh a car in front just did a full 360 spin on the freeway smh felt like a scene off 2 Fast 2 Furious
4,"RT @Boazziz: Remember this guy? #BrianTerry, #Obama wants U 2 4get him &amp; #Fast&amp;Furious.  Remind others he is NOT 4gotten. https://t.co/CtGpâ€¦"
4,"RT @Boazziz: Remember this guy? #BrianTerry, #Obama wants U 2 4get him &amp; #Fast&amp;Furious.  Remind others he is NOT 4gotten. https://t.co/CtGpâ€¦"
4,"RT @Boazziz: Remember this guy? #BrianTerry, #Obama wants U 2 4get him &amp; #Fast&amp;Furious.  Remind others he is NOT 4gotten. https://t.co/CtGpâ€¦"
4,"RT @Boazziz: Remember this guy? #BrianTerry, #Obama wants U 2 4get him &amp; #Fast&amp;Furious.  Remind others he is NOT 4gotten. https://t.co/CtGpâ€¦"
4,"RT @Boazziz: Remember this guy? #BrianTerry, #Obama wants U 2 4get him &amp; #Fast&amp;Furious.  Remind others he is NOT 4gotten. https://t.co/CtGpâ€¦"
4,"RT @Boazziz: Remember this guy? #BrianTerry, #Obama wants U 2 4get him &amp; #Fast&amp;Furious.  Remind others he is NOT 4gotten. https://t.co/CtGpâ€¦"
4,"RT @Boazziz: Remember this guy? #BrianTerry, #Obama wants U 2 4get him &amp; #Fast&amp;Furious.  Remind others he is NOT 4gotten. https://t.co/CtGpâ€¦"
0,"RT @Boazziz: Remember this guy? #BrianTerry, #Obama wants U 2 4get him &amp; #Fast&amp;Furious.  Remind others he is NOT 4gotten. https://t.co/CtGpâ€¦"
4,"RT @Boazziz: Remember this guy? #BrianTerry, #Obama wants U 2 4get him &amp; #Fast&amp;Furious.  Remind others he is NOT 4gotten. https://t.co/CtGpâ€¦"
4,"RT @Boazziz: Remember this guy? #BrianTerry, #Obama wants U 2 4get him &amp; #Fast&amp;Furious.  Remind others he is NOT 4gotten. https://t.co/CtGpâ€¦"
4,"RT @Boazziz: Remember this guy? #BrianTerry, #Obama wants U 2 4get him &amp; #Fast&amp;Furious.  Remind others he is NOT 4gotten. https://t.co/CtGpâ€¦"
2,@cpagsgetnaked 2 Fast 2 Furious https://t.co/DIAtzY6tAS
4,"RT @Boazziz: Remember this guy? #BrianTerry, #Obama wants U 2 4get him &amp; #Fast&amp;Furious.  Remind others he is NOT 4gotten. https://t.co/CtGpâ€¦"
4,"RT @Boazziz: Remember this guy? #BrianTerry, #Obama wants U 2 4get him &amp; #Fast&amp;Furious.  Remind others he is NOT 4gotten. https://t.co/CtGpâ€¦"
4,"RT @Boazziz: Remember this guy? #BrianTerry, #Obama wants U 2 4get him &amp; #Fast&amp;Furious.  Remind others he is NOT 4gotten. https://t.co/CtGpâ€¦"
4,"RT @Boazziz: Remember this guy? #BrianTerry, #Obama wants U 2 4get him &amp; #Fast&amp;Furious.  Remind others he is NOT 4gotten. https://t.co/CtGpâ€¦"
4,"RT @Boazziz: Remember this guy? #BrianTerry, #Obama wants U 2 4get him &amp; #Fast&amp;Furious.  Remind others he is NOT 4gotten. https://t.co/CtGpâ€¦"
4,"RT @Boazziz: Remember this guy? #BrianTerry, #Obama wants U 2 4get him &amp; #Fast&amp;Furious.  Remind others he is NOT 4gotten. https://t.co/CtGpâ€¦"
4,"Remember this guy? #BrianTerry, #Obama wants U 2 4get him &amp; #Fast&amp;Furious.  Remind others he is NOT 4gotten. https://t.co/CtGp1UCrmN"
4,"Remember this guy? #BrianTerry, #Obama wants U 2 4get him &amp; #Fast&amp;Furious.  Remind others he is NOT 4gotten. https://t.co/CtGp1UCrmN"
2,"#NowPlaying We Own It (Fast &amp; Furious) - 2 Chainz, Wiz Khalifa â™« https://t.co/2vwePJY9uk"
4,RT @TeeGootz: find someone who appreciates how iconic that scene in 2 Fast 2 Furious is when all the cars pull out of the garages to throwâ€¦
4,"@ernie282849 @Furious8_Movie oh yea, loved that one also! Love them all. I like the first one, 2 fast 2 furious, &amp; Tokyo drift the best"
2,kang gojek 2 fast 2 furious ini mah. kopo kircon 10 menit
2,TodavÃ­a dan Fast and Furious 2 RT @Danyar_25 Cuando en TNT se cogen con una pelÃ­cula la dan mÃ¡s de 20 veces al dÃ­a rayos
2,Takeover Radio #NowPlaying   2 Chainz/Wiz Khalifa - We Own It (Fast &amp; Furious) [sHn] LIVE on https://t.co/niJzGBZrFh #TakeOverRadio
2,"RT @Latinoo91: J'attend trop pirates des CaraÃ¯bes 5 , fast and furious 8 et world war z 2 ğŸ”¥"
2,2 Chainz - We Own It (Fast &amp; Furious)
2,2 Chainz - We Own It (Fast &amp; Furious)
4,RT @TommyToeHold: I definitely have to do something with that at some point. Absolutely ludicrous. Like 2 Fast 2 Furious ludicrous. https:/â€¦
2,"J'attend trop pirates des CaraÃ¯bes 5 , fast and furious 8 et world war z 2 ğŸ”¥"
0,After God moding for 2+ days the fall back to earth was fast &amp; furious. Momentum is a cruel mistress that I hope to never scorn again #Next
4,RT @TommyToeHold: I definitely have to do something with that at some point. Absolutely ludicrous. Like 2 Fast 2 Furious ludicrous. https:/â€¦
4,RT @TommyToeHold: I definitely have to do something with that at some point. Absolutely ludicrous. Like 2 Fast 2 Furious ludicrous. https:/â€¦
2,RT @datcowb0i: madre mÃ­a rairu 2 fast 2 furious
2,madre mÃ­a rairu 2 fast 2 furious
2,"RT @aflam_BH0: 4 https://t.co/VPPDS7gKZB
5 https://t.co/sOZ7CbzPvW
6 https://t.co/nthu9ZdYnc
7 https://t.co/wBzSLni86o
#Ø§ÙÙ„Ø§Ù… https://t.co/â€¦"
4,I definitely have to do something with that at some point. Absolutely ludicrous. Like 2 Fast 2 Furious ludicrous. https://t.co/i24prQg3lU
2,@FakhrulRazi7 haaaaaa hahaha 2 fast 2 furious lah tapi game nfs pun ada kereta tu
2,This man got a 2 fast 2 furious ringtone!ğŸ˜‚ğŸ˜‚
2,2 fast 2 furious of course ğŸ˜ https://t.co/9dOX5IJt7F
0,RT @NoFreeBands: Lmfao niggas think they tyrese in fast and furious 2 https://t.co/hSsS9WREVJ
0,RT @NoFreeBands: Lmfao niggas think they tyrese in fast and furious 2 https://t.co/hSsS9WREVJ
4,The karate kid (2010) is basically 2 fast 2 furious Tokyo drift. https://t.co/agZtQH6Fh2
0,Lmfao niggas think they tyrese in fast and furious 2 https://t.co/hSsS9WREVJ
0,"Ğ’Ğ¸Ğ´ĞµĞ¾ ""2 Chainz &amp; Wiz Khalifa - We Own It (Fast &amp; Furious) (Lyric Video)"" (https://t.co/lavc3hCyks) Ğ½Ğ° @YouTube"
2,"Maze runner,fast and furious 8,Annabelle 2,kingsman,insidious chap 4 ğŸ†—ğŸ†’ https://t.co/RKlitjXyQe"
2,"#NowPlaying We Own It (Fast &amp; Furious) by 2 Chainz, Wiz Khalifa â™« https://t.co/cah6Ussrtv"
4,The karate kid (2010) is basically 2 fast 2 furious Tokyo drift. https://t.co/AeaJ0wiKPD
2,"@SleepingConor we did, it's fast and furious 2"
4,RT @nickyshope: 2 fast 2 furious is easily in the top 5 best movies ever made
2,"RT @Mono29TV: à¸¡à¸²à¸¡à¸±à¸™à¸ªà¹Œ à¸à¸±à¸š Fast 2 à¸à¸±à¸™à¸•à¹ˆà¸­ à¸ªà¸•à¸²à¸£à¹Œà¸—à¸£à¸–à¹€à¸‚à¹‰à¸²à¹€à¸à¸µà¸¢à¸£à¹Œ  !""2 Fast 2 Furious à¹€à¸£à¹‡à¸§à¸„à¸¹à¸“ 2 à¸”à¸±à¸šà¹€à¸šà¸´à¹‰à¸¥à¹à¸£à¸‡à¸—à¹‰à¸²à¸™à¸£à¸""
#2Fast2Furious #Mono29 https://â€¦"
2,"RT @RodrigoNunez44: 2 Fast 2 Furious 
Mexico Drift https://t.co/jPiymGHVEu"
2,"RT @RodrigoNunez44: 2 Fast 2 Furious 
Mexico Drift https://t.co/jPiymGHVEu"
2,I added a video to a @YouTube playlist https://t.co/nqRUa0kia3 Forza Horizon 2 Presents Fast &amp; Furious Teaser YouTube
2,Bioskop rumah edisi hujan dingin hahağŸ˜…ğŸ˜ â˜… Fast &amp; Furious (at Sungai Lulut Komplek Pesona Mj Perdana 2) â€” https://t.co/F7XY22ICTI
2,I liked a @YouTube video from @yogscastlewis https://t.co/vdi3JeqFgF Gmod Pictionary - Fast and Furious #2 (Garry's Mod Sandbox Funny
4,Letâ€™s go drifting! Watch 2016 China Drift Championship! Get a taste of the Fast and the Furious in reality https://t.co/yEiXvxtadi
4,"You'll cross 42 bridges, inc the famous Seven Mile Bridge, whose film credits inc. True Lies, 2 Fast 2 Furious &amp; James Bond Licence to Kill."
2,Now Playing: 2 Chainz &amp; Wiz Khalifa - We Own It (Fast &amp; Furious)
4,You know Tyrese 1st scene in 2 Fast 2 Furious? https://t.co/9zEBWJbn9e
2,"1. Fast Five
2. The original 
3. Furious 7
4. Fast 6
5. Tokyo Drift
6. Fast 4
7. 2Fast"
0,Honestly the person that thinks it's 2 Fast 4 Furious 7 Tokyo 8 on my road can get cut I'm trying to relax here.
2,I liked a @YouTube video https://t.co/Wed16KEHQL 2 Chainz &amp; Wiz Khalifa - We Own It (Fast &amp; Furious) (Lyric Video)
2,Wiz Khalifa - See You Again ft. Charlie Puth [Official Video] Furious 7 ... https://t.co/Au8B7retzb vÃ­a @YouTube
0,"""You think your dick is fucking my butt, but really my butt is fucking YOUR DICK"" - How Did this Get Made - Furious 7"
2,"Nonton Bioskop : Fast &amp; Furious 7

https://t.co/B2C7BCwn5Q https://t.co/N2eVhJ8O1w"
2,ouvindo See You Again (feat. Charlie Puth) [From Furious 7: Original Motion Picture Soundtrack]
2,Can someone purlease send me a link to Paul Nuttall's tweet about Fast And Furious 7?
2,Wiz Khalifa - See You Again ft. Charlie Puth [Official Video] Furious 7 ... https://t.co/o8WiYsDWu9 @YouTubeã•ã‚“ã‹ã‚‰
0,RT @NACBlND: I keep forgetting Vin Diesel died while filming Furious 7
0,I keep forgetting Vin Diesel died while filming Furious 7
2,Wiz Khalifa - See You Again ft. Charlie Puth [Official Video] Furious 7 Soundtrack https://t.co/2rJkRAi0au
2,"#NewVisual @sevyn ""HBDYWI"" Now: https://t.co/Jo6bdSPrmB &amp; Get It On ITunes Here: https://t.co/KU7d1HBFpP"
4,"I liked a @YouTube video https://t.co/UeqnCFAavJ Ride Out - Kid Ink, Tyga, Wale, YG, Rich Homie Quan [Official Video - Furious 7]"
2,Wiz Khalifa - See You Again ft. Charlie Puth [Official Video] Furious 7 ... https://t.co/NtL7uI8OST @YouTubeã•ã‚“ã‹ã‚‰
2,Wiz Khalifa - See You Again ft. Charlie Puth [Official Video] Furious 7 ... https://t.co/simyCwueS3 vÃ­a @YouTube
2,The Movie Preview Review Eps 110 - Furious 7 https://t.co/Ii4c5FAqk9
2,The Movie Preview Review Eps 110 - Furious 7 https://t.co/allmVsrRzy
2,The Movie Preview Review Eps 110 - Furious 7 https://t.co/T7gQuvTnt9
2,The Movie Preview Review Eps 110 - Furious 7 https://t.co/w0v1QljEjn
4,"I liked a @YouTube video from @fresh_trailers https://t.co/jBv5N12tRb FAST &amp; FURIOUS 7 ""Ladies Fight"" - BEHIND THE SCENES"
2,[Nightcore] See You Again (Fast &amp; Furious 7 Soundtrack) https://t.co/X3w62ZKmR4 via @YouTube
4,I liked a @YouTube video https://t.co/3mdYmPEJ8a Fast &amp; Furious 7|Minutes Full Movie Behind The Scenes 2016
2,fast and furious 7 main role name is ramsey .. just noticed now .. thalaivan @iam_SJSuryah @selvaraghavan
4,"@MhairiMcF Take a look at her iPad. Bet you she's watching Fast &amp; Furious 7. It is her favourite film, especially the bit with the cars."
4,Furious 7. The ending. Gets me every time ğŸ˜­ğŸ˜­ğŸ˜­ğŸ˜­ğŸ˜­ğŸ˜­ğŸ˜­
2,"Nonton Bioskop : Fast &amp; Furious 7

https://t.co/ybGfkmKqQZ https://t.co/pWhclgjyly"
2,Fast &amp; Furious 7 https://t.co/B4vxZlRvur
2,FAST AND FURIOUS 7 (2015) https://t.co/rCQyv8qwHY https://t.co/M68nSApfAf
2,Is it bad that at 7:09am I am already furious at the world?
2,"RT @senmov: @senmov 

Ø§Ø³Ù… Ø§Ù„ÙÙ„Ù… : Furious 7
8.3
Ø±Ø§Ø¨Ø· Ø§Ù„ÙÙ„Ù…
"" Ø§Ø¶ØºØ· Ø¹Ù„Ù‰ Ø²Ø± Ø§Ù„ØªØ´ØºÙŠÙ„ Ù…Ø±ØªÙŠÙ† ÙˆØ¨ÙŠØ´ØªØºÙ„ Ù…Ø¹Ùƒ "" 
 
https://t.co/bEKVNOOca0"
2,Wiz Khalifa - See You Again ft. Charlie Puth [Official Video] Furious 7 ... @charlieputh  https://t.co/D1t5W9sYJg
4,RT @GreatestM0VIEQs: Fast &amp; Furious 7 https://t.co/sZrMUaUHKe
2,listening to See You Again (feat. Charlie Puth) [From Furious 7: Original Motion Picture Soundtrack]
2,J'aime une vidÃ©o @YouTube de @vucko_95Â - GTA V - Fast and Furious 7 Hill Jump Scene https://t.co/asrA2MPbKf
4,I added a video to a @YouTube playlist https://t.co/5JfCCL6H6V Sevyn Streeter - How Bad Do You Want It Fast And Furious 7 (Paul Walker
2,Wiz Khalifa - See You Again ft. Charlie Puth [Official Video] Furious 7 Soundtrack https://t.co/1B1akePaqF
2,"Nonton Bioskop : Fast &amp; Furious 7

https://t.co/MDPxYDXyih https://t.co/YvxT9By4XM"
0,Enter our FREE competition to win a Fast &amp; Furious 1-7 Blu-Ray Boxset - https://t.co/Uv64ejoqKo https://t.co/mCCwAViLyU
2,fast &amp;-furious 7 Ø£ØºÙ†ÙŠØ© Ø­Ø²ÙŠÙ†Ø© Ø¹Ù† Ø§Ù„Ø¯Ø§Ù‚Ø©: https://t.co/JeC6kYGzxi via @YouTube
2,fast &amp;-furious 7 Ø£ØºÙ†ÙŠØ© Ø­Ø²ÙŠÙ†Ø© Ø¹Ù† Ø§Ù„Ø¯Ø§Ù‚Ø©: https://t.co/WKFSJDbjkL via @YouTube
0,"Collectivists Hate Individuality, Tribalism And Fast And Furious 7? https://t.co/eYeOC6rDlz"
2,"Fast and Furious 7 and half, Season 1, Episode 1... https://t.co/ICdIN9kRiu"
2,"#NowPlaying See You Again (feat. Charlie Puth) [From ""Furious 7""] - ã‚¦ã‚£ã‚ºãƒ»ã‚«ãƒªãƒ•ã‚¡ #MWhisp https://t.co/1Z8PS5TMDE https://t.co/TbbqDIGFkn"
2,Wiz Khalifa - See You Again ft. Charlie Puth [Official Video] Furious 7
2,ë™ì˜ìƒì„ @YouTube ì¬ìƒëª©ë¡ https://t.co/BsZWOgSZl7 Wiz Khalifa - See You Again ft. Charlie Puth [Official Video] Furious 7
2,Fast &amp; Furious 7 https://t.co/sZrMUaUHKe
2,"RT @world_aflam: 4 https://t.co/FxKutPk3d9
5 https://t.co/vfpGVFPsKN
6 https://t.co/P4y4gnoBU7
7 https://t.co/PsCvMT74SD https://t.co/3T5Kkâ€¦"
2,"&lt;&lt; 2017 &gt;&gt;

X-Men DOFP
GOTG
Avengers AOU
Ant-Man
Furious 7 

Kemungkinan keluar :D"
2,Wiz Khalifa - See You Again ft. Charlie Puth [Official Video] Furious 7 ... https://t.co/cPICsw6Www via @YouTube
2,fast and furious 7 full movie Ù…ØªØ±Ø¬Ù…: https://t.co/2Jwe7UU1jh Ø¹Ø¨Ø± @YouTube
2,"Ğ’Ğ¸Ğ´ĞµĞ¾ ""Fast &amp; Furious 7 - Get Low Extended Version Video"" (https://t.co/WUgjB2Q3sg) Ğ½Ğ° @YouTube Ğ´Ğ¾Ğ±Ğ°Ğ²Ğ»ĞµĞ½Ğ¾ Ğ²"
2,"Nonton Bioskop : Fast &amp; Furious 7

https://t.co/ty5Vazf3ju https://t.co/CWaKTZ4sM8"
4,RT @ahdemad97: Ù‡Ùˆ Ø§Ù†Ø§ Ø¨Ø³ Ø§Ù„Ù„ÙŠ Ø§ØºÙ†ÙŠÙ‡ see you again Ø¨ØªØ§Ø¹Øª ÙÙŠÙ„Ù… fast and furious 7 Ø¨ØªØ®Ù„ÙŠÙ†ÙŠ Ø¨Ø¬Ø¯ Ø§Ø¯Ø§ÙŠÙ‚ ÙƒØ£Ù† paul walker ÙƒØ§Ù† Ø§Ø®ÙˆÙŠØ§ Ø§Ùˆ Ø§Ø¨ÙˆÙŠØ§ Ù…Ø«Ù„Ø§
0,@paulnuttallukip Fast &amp; Furious 7 is shit
4,RT @ernnytheman: Damn. Just saw the end of Fast and Furious 7. Had forgot Paul Walker died. Almost shed a tear but I fought it.
4,"damn, i caught the end of furious 7.. now i'm listening to see you again ;_; rip"
4,The End Of Furious 7 Always Get To Me
4,Ø£Ø¶ÙØª ÙÙŠØ¯ÙŠÙˆ Ø¥Ù„Ù‰ Ù‚Ø§Ø¦Ù…Ø© ØªØ´ØºÙŠÙ„ @YouTube Ø¹Ù„Ù‰ https://t.co/2Jwe7UU1jh fast and furious 7 full movie Ù…ØªØ±Ø¬Ù…
4,Damn. Just saw the end of Fast and Furious 7. Had forgot Paul Walker died. Almost shed a tear but I fought it.
4,Furious 7 again! Here come the tears
0,"@HelloTelkom 7-days of no connection. No technician assigned. How is this POSSIBLE?? It has even been escalated, TWICE. Beyond furious."
4,"Got pulled halfway through my shift tonight BUT on the bright side, I'm getting paid to watch Furious 7ğŸ˜‡"
2,"â€˜See You Again - Wiz Khalifa ft. Charlie Puth - Furious 7 Soundtrack (Cover by Jasmine Thompson)â€™
 https://t.co/tTVojoqUU2"
4,Furious 7 - See You Again (Wiz Khalifa) - Tribute to Paul Walker https://t.co/6A7BkM9a2N
2,"#NewVisual @sevyn ""HBDYWI"" Now: https://t.co/ZmWYTeHrQL  &amp; Get It On ITunes Here: https://t.co/ZC0mi0AgF3"
2,Maria Menounos - Furious 7 Premiere in Hollywood https://t.co/Go82eobRxf #MariaMenounos
2,Wiz Khalifa - See You Again ft. Charlie Puth [Official Video] Furious 7
2,I added a video to a @YouTube playlist https://t.co/udfrVLqG42 Furious 7 Plymouth Roadrunner vs. Maserati Ghibli
2,Lanjut â˜… Furious 7 â€” https://t.co/2Y7RZ5mDwA
4,"7 chapter of ""fast furious"" to goğŸ˜"
4,I can rewatch furious 7 over and over dawg
2,If Lyssa and I were in Fast and Furious 7 she'd be Dom bc she's in it for family and I'd be Brian bc I'm in it to fuck shit up
2,RT @30secscover: See You Again - Wiz Khalifa ft. Charlie Puth - Furious 7 Soundtrack (Cover by Jasmine Thompson) https://t.co/rsZDBIq2WB
2,Wiz Khalifa - See You Again ft. Charlie Puth [Official Video] Furious 7 Soundtrack https://t.co/vVvvlTL9CS
2,Been up since 5am for a meeting which was supposed to start at 7:30am.... ITS NOW CHANGED TO 9 AM - FURIOUS
2,"""He got that bachata fuckboy haircut."" - me watching Furious 7"
4,RT @arzozah: 100 ways of looking at 'Furious 7' http://t.co/IwE3bd1PiY via @EW
2,Fast &amp; Furious 7 https://t.co/QaZ8UbUBQu
2,listening to See You Again (feat. Charlie Puth) [From Furious 7: Original Motion Picture Soundtrack]
2,RT @DezzFunny: Mira como Resucitaron a Paul Walker en la gran pantalla para Fast &amp; Furious 7 https://t.co/85tmeslNa3
4,I like how they recreated Paul Walker in Furious 7.
4,My obsession w Fast and Furious 7 is lowkey ridiculous
4,She's AMAZING in fast and the furious 7 ğŸ‘ğŸ»ğŸ‘€ https://t.co/7F5xmAPCaa
4,End of Furious 7 gets me emotional every time #RIPPaulWalker
2,"ĞšÑÑ‚Ğ°Ñ‚Ğ¸, Ñ‚ÑƒÑ‚ Ğ¼Ğ¾Ğ¹ homie Ñ‚Ñ€ÑĞº Ğ´Ñ€Ğ¾Ğ¿Ğ½ÑƒĞ», Ğ¼Ğ½Ğ¾Ğ³Ğ¸Ğ¼ Ğ·Ğ°ÑˆÑ‘Ğ», Ğ½Ğµ Ğ½Ğ°Ñ…Ğ¾Ğ´Ğ¸Ñ‚Ğµ ? https://t.co/lbrpwUsseV"
2,"Clams Casino, Ğ°Ñ…ÑƒĞµĞ½ĞµĞ½ https://t.co/Hc625GEiX8"
2,iPhone 7 Plus Case Ultra Slim 5.5 Inch PITAKA Aramid Black/Grey (Twill): https://t.co/UH04ItAvcv via @YouTube
2,I added a video to a @YouTube playlist https://t.co/GBa7D37dGU Wiz Khalifa - See You Again ft. Charlie Puth [Official Video] Furious 7
2,"#NowPlaying See You Again (feat. Charlie Puth) - From ""Furious 7"" de Wiz Khalifa, Charlie Puth â™« https://t.co/EodDnYjslc"
2,Wiz Khalifa See You Again ft Charlie Puth Official Video Furious 7 Soundtrack YouTube: https://t.co/ZhtvNG2Tfd melalui @YouTube
2,Paul waker fast furious 7 https://t.co/lTs3o89t9Y
4,I can never watch furious 7 without crying
4,Best cars in fast and furious Nissan gtr R34 and Mazada RX-7 and Dodge charger and Toyota supraâ€¦ https://t.co/LeoWSIYD1o
2,Review of iPhone 7 Plus Apple Leather Case: https://t.co/tZXWc9OkcU via @YouTube
2,Unboxing iPhone 7 Plus 256gb Silver: https://t.co/Kzeft54gLE via @YouTube
2,"RT @PakPassion: OUT! Sohail is furious with himself as he plays a loose shot to give it away. de Grandhomme strikes. 229/7, 11.2 overs leftâ€¦"
2,"OUT! Sohail is furious with
himself as he plays a loose
shot to give it away. de
Grandhomme strikes. 229/7,
11.2 overs left. #NZvPAK"
2,"OUT! Sohail is furious with himself as he plays a loose shot to give it away. de Grandhomme strikes. 229/7, 11.2 overs left. #NZvPAK"
2,RT @naleysblip: Furious 7 https://t.co/OtoRBU72dc
0,Fast and furious 7 got me fucked upğŸ˜­ğŸ˜­ğŸ˜­
4,@KalaTweets_ @RadioRose the Asian girl in fast and furious 7.....she was the at race wars scene looking scrumptious and tatted up! #Drooled
2,"Wiz Khalifa - See You Again ft. Charlie Puth [Official Video] Furious 7 Soundtrack
https://t.co/Qs3NjbI7p2"
2,"Wiz Khalifa - See You Again ft. Charlie Puth [Official Video] Furious 7 Soundtrack
https://t.co/Qs3NjbI7p2"
4,"I've watched the entire LOTR series, Fast and Furious 4-7 the hobbit and Expendables 2 in about 24 hours so that's cool"
2,Me ha gustado un vÃ­deo de @YouTube (https://t.co/L5EepQ3OLu - Fast and Furious 7 end scene).
2,Now playing Wiz_Khalifa_feat_Charlie_Puth_See_You_Again_Furious_7_Soundtrack.mp3 by !
2,"ğŸš—ğŸ™ŒğŸ» â˜… Furious 7 (with Agam, Nadira, and 5 others) â€” https://t.co/3uAHFZK1Vs"
2,"@RHargraves_ watched, Shrek, Kung Fu Panda, Meet The Robinson's &amp; now Fast &amp; Furious 7"
4,I liked a @YouTube video https://t.co/folzJnfKyr If Furious 7's Stunts Were Realistic
2,Wiz Khalifa - See You Again ft. Charlie Puth [Official Video] Furious 7 Soundtrack https://t.co/THIiQqRSoo
2,RT @CindyMarston: Plan to attend METC! Check out @METCedplus session schedules #METC17 ~ Early Bird ends 12/7 https://t.co/wCrr2kLJRp  httpâ€¦
2,I barely had my iPhone 7 for 2 months and my screens shattered to shit I'm fucking furious.
4,#Trending: Wiz Khalifa - See You Again ft. Charlie Puth [Official Video] Furious 7 Soundtrack https://t.co/LZKxcPskxd
4,RT @SexualGif: You'd be lying if you said the ending of Furious 7 didn't make you get emotional. https://t.co/1uNb1XLk8w
4,"tomorrow im gonna post a video of me doing Ronda Rouseys lines from Fast &amp; Furious 7 in the style of Ronda Rousey. can't rn, wife's up"
4,Would you believe me if I said I still haven't watched Fast n Furious 7 ğŸ˜­ I'm still heartbroken #PaulWalker
4,"RT @Regular: You'd be lying if you said the ending of Furious 7 didn't make you get emotional.
https://t.co/0Bjg8HjjJX"
2,"TAMPA, Fla. - Tulio #DaSilva scored 17 points on 7-of-10 shooting and South Florida survived a furious second half https://t.co/1aEKMNAR5W"
2,"RT @AnnetteJeanne: An employee from Always Evolving worked on Furious 7,Chris Safos. Why did AE slam it's doors two weeks after Paul died?â€¦"
4,Watches fast and furious 7 just to cry.
2,RT @AnnetteJeanne: The RESIDUALS from Furious 7 are huge and it should NOT be going to Paul's mother. It should be given to Meadow. https:/â€¦
2,æ¬¡ã® @YouTube å‹•ç”»ã‚’é«˜ãè©•ä¾¡ã—ã¾ã—ãŸ: https://t.co/ickdkyirE8 Furious 7 Behind the Scenes Part 3
2,RT @DezzFunny: Mira como Resucitaron a Paul Walker en la gran pantalla para Fast &amp; Furious 7 https://t.co/85tmeslNa3
2,RT @DezzFunny: Mira como Resucitaron a Paul Walker en la gran pantalla para Fast &amp; Furious 7 https://t.co/85tmeslNa3
2,"ã€ãã®ä»–ã€‘æ„å‘³ã‚’ç­”ãˆã¦ã­
1.annual
2.furious
3.marvelous
4.lately
5.crude
6.ridiculous
7.epidemic
8.complicated
9.neat
è§£ç­”â†’https://t.co/845HuHyJUi"
4,ramsey from furious 7 so beautiful bra...
2,Wiz Khalifa See You Again ft Charlie Puth Official Video Furious 7 Soundtrack YouTube: https://t.co/85UAAJOZg3 melalui @YouTube
4,Watching fast and furious 7 and ima cry ğŸ˜©
4,really wanna watch furious 7
4,I liked a @YouTube video from @travis_atreo https://t.co/t9Rd7UA50C See You Again - Wiz Khalifa ft Charlie Puth Furious 7 Soundtrack
4,Fast &amp; Furious 7 always tugs at my heart ğŸ’” #RIPPaulWalker ğŸ˜¢ğŸ˜¢ğŸ˜¢
4,Furious 7  https://t.co/clmlpK0tFO  @chriz_berhck #dresden #myFirstTweet
2,ğŸ˜ğŸ˜ğŸ˜ğŸ˜ğŸ˜ğŸ’”ğŸ’”ğŸ’”ğŸ’”ğŸ’”âœŒâœŒâœŒâœŒâœŒğŸ˜˜ğŸ˜˜ - ÙŠØ³ØªÙ…Ø¹ Ø¥Ù„Ù‰ See You Again (feat. Charlie Puth) [From Furious 7: Original Motion Picture Soundtrack]
2,RT @30secscover: See You Again - Wiz Khalifa ft. Charlie Puth - Furious 7 Soundtrack (Cover by Jasmine Thompson) https://t.co/rsZDBIq2WB
2,"RT @SteveKopack: 6:10am: Trump said to be ""furious"" over Conway comments on Romney (Conway disputed)

7:40pm: Conway tweets photo ""workingâ€¦"
2,"6:10am: Trump said to be ""furious"" over Conway comments on Romney (Conway disputed)

7:40pm: Conway tweets photo ""wâ€¦ https://t.co/D66wiwT40I"
2,RT @30secscover: See You Again - Wiz Khalifa ft. Charlie Puth - Furious 7 Soundtrack (Cover by Jasmine Thompson) https://t.co/rsZDBIq2WB
4,"RT @WeLoveSF: #SFmovieNEWS 
à¸œà¸¹à¹‰à¸à¸³à¸à¸±à¸š â€œà¹€à¸ˆà¸¡à¸ªà¹Œ à¸§à¸²à¸™â€ à¸ˆà¸²à¸ Furious 7 à¹à¸¥à¸° The Conjuring à¸ˆà¸°à¸£à¸±à¸šà¸«à¸™à¹‰à¸²à¸—à¸µà¹ˆà¹‚à¸›à¸£à¸”à¸´à¸§à¹€à¸‹à¸­à¸£à¹Œà¸«à¸™à¸±à¸‡ Mortal Combat à¸ à¸²à¸„à¸£à¸µà¸šà¸¹à¹‰à¸—

#moviâ€¦"
2,"Scheiss auf Titanic und den ganzen Rotz. Fast and Furious 7 ist mehr, ist besser."
2,Das Ende von Fast and Furious 7 ist bei mir immer GÃ¤nsehaut. Das sind wahre GefÃ¼hle man.
2,Definitely just got the movie Seven mixed up with Fast and Furious 7. #whatsinthegearbox
2,RT @HistoryTime_: Arnold Schwarzenegger getting his prosthesis done for The Terminator (1984) Terminator 2: Judgement Day (1991) Terminatorâ€¦
2,RT @HistoryTime_: Arnold Schwarzenegger getting his prosthesis done for The Terminator (1984) Terminator 2: Judgement Day (1991) Terminatorâ€¦
2,RT @HistoryTime_: Arnold Schwarzenegger getting his prosthesis done for The Terminator (1984) Terminator 2: Judgement Day (1991) Terminatorâ€¦
2,RT @HistoryTime_: Arnold Schwarzenegger getting his prosthesis done for The Terminator (1984) Terminator 2: Judgement Day (1991) Terminatorâ€¦
2,Terminator Genisys Full Moviefree https://t.co/IxusVwb5pf
4,RT @siniticom: Check out Hot toys Movie Masterpiece TERMINATOR Genisys T-800 GUARDIAN 1/6 Action Figure #HotToys https://t.co/frgA8Rp4GI viâ€¦
4,"We Review: #TerminatorGenisys ""Arnold is back! A recommended sequel."" - MR https://t.co/AZgRgW9gAQ #Genisys #MovieReview  #Movie #RT"
4,"We Review: #TerminatorGenisys ""Arnold is back! A recommended sequel."" - MR https://t.co/AZgRgW9gAQ #Genisys #MovieReview #Movie  #RT"
4,"We Review: #TerminatorGenisys ""Arnold is back! A recommended sequel."" - MR https://t.co/AZgRgW9gAQ #Genisys #MovieReview #Movie #RT"
4,"We  Review: #TerminatorGenisys ""Arnold is back! A recommended sequel."" - MR https://t.co/AZgRgW9gAQ #Genisys #MovieReview #Movies #RT"
4,"We  Review: #TerminatorGenisys ""Arnold is back! A recommended sequel."" - MR https://t.co/AZgRgW9gAQ #Genisys #MovieReview #Movies #RT"
4,"We Review : #TerminatorGenisys ""Arnold is back! A recommended sequel."" - MR https://t.co/AZgRgW9gAQ #Genisys #MovieReview #Movies #RT"
2,Beth Behrs Terminator Genisys Premiere in Hollywood https://t.co/r8zRw6cDoE #BethBehrs
2,Skynet ğŸ˜‚ â€” watching Terminator Genisys
4,Top 10 Box Office SUA Ã®n... https://t.co/3MFGYllYuZ #insideout #JurassicWorld #MrHolmes #papertowns #southpaw #Terminator:Genisys
2,RT @HistoryTime_: Arnold Schwarzenegger getting his prosthesis done for The Terminator (1984) Terminator 2: Judgement Day (1991) Terminatorâ€¦
2,RT @HistoryTime_: Arnold Schwarzenegger getting his prosthesis done for The Terminator (1984) Terminator 2: Judgement Day (1991) Terminatorâ€¦
2,RT @HistoryTime_: Arnold Schwarzenegger getting his prosthesis done for The Terminator (1984) Terminator 2: Judgement Day (1991) Terminatorâ€¦
2,RT @HistoryTime_: Arnold Schwarzenegger getting his prosthesis done for The Terminator (1984) Terminator 2: Judgement Day (1991) Terminatorâ€¦
2,"We Review:  #TerminatorGenisys ""Arnold is back! A recommended sequel."" - MR https://t.co/AZgRgWqRso #Genisys #MovieReview #Movies #RT"
2,"We Review: #TerminatorGenisys  ""Arnold is back! A recommended sequel."" - MR https://t.co/AZgRgW9gAQ #Genisys #MovieReview #Movies #RT"
2,"We Review: #TerminatorGenisys ""Arnold  is back! A recommended sequel."" - MR https://t.co/AZgRgW9gAQ #Genisys #MovieReview #Movies #RT"
2,"We Review: #TerminatorGenisys ""Arnold  is back! A recommended sequel."" - MR https://t.co/AZgRgW9gAQ #Genisys #MovieReview #Movies #RT"
2,"We Review: #TerminatorGenisys ""Arnold is  back! A recommended sequel."" - MR https://t.co/AZgRgW9gAQ #Genisys #MovieReview #Movies #RT"
2,I just watched Terminator Genisys (2015) https://t.co/EfCV1kZF6x #trakt
4,"We Review: #TerminatorGenisys ""Arnold is back!  A recommended sequel."" - MR https://t.co/AZgRgW9gAQ #Genisys #MovieReview #Movies #RT"
4,"We Review: #TerminatorGenisys ""Arnold is back! A  recommended sequel."" - MR https://t.co/AZgRgW9gAQ #Genisys #MovieReview #Movies #RT"
4,"We Review: #TerminatorGenisys ""Arnold is back! A recommended  sequel."" - MR https://t.co/AZgRgW9gAQ #Genisys #MovieReview #Movies #RT"
4,"We Review: #TerminatorGenisys ""Arnold is back! A recommended sequel.""  - MR https://t.co/AZgRgWqRso #Genisys #MovieReview #Movies #RT"
0,@danmcdaid signs is the most popular movie in 3 states?! Terminator: Genisys is popular at all?!
2,I'm watching Terminator Genisys (2015) https://t.co/EfCV1kZF6x #trakt
4,"We Review: #TerminatorGenisys ""Arnold is back! A recommended sequel."" -  MR https://t.co/AZgRgW9gAQ #Genisys #MovieReview #Movies #RT"
4,"We Review: #TerminatorGenisys ""Arnold is back! A recommended sequel."" - MR  https://t.co/AZgRgW9gAQ #Genisys #MovieReview #Movies #RT"
4,"We Review: #TerminatorGenisys ""Arnold is back! A recommended sequel."" - MR https://t.co/AZgRgW9gAQ  #Genisys #MovieReview #Movies #RT"
4,"We Review: #TerminatorGenisys ""Arnold is back! A recommended sequel."" - MR https://t.co/AZgRgWqRso #Genisys  #MovieReview #Movies #RT"
0,"This is based on the original Terminator timeline before Terminator 3, Terminator Salvation, and Terminator Genisys fucked up the"
4,"We Review: #TerminatorGenisys ""Arnold is back! A recommended sequel."" - MR https://t.co/AZgRgW9gAQ #Genisys #MovieReview  #Movies #RT"
4,"We Review: #TerminatorGenisys ""Arnold is back! A recommended sequel."" - MR https://t.co/AZgRgWqRso #Genisys #MovieReview #Movies  #RT"
4,"We Review: #TerminatorGenisys ""Arnold is back! A recommended sequel."" - MR https://t.co/AZgRgWqRso #Genisys #MovieReview #Movies #RT"
0,RT @mantisninenines: WTF happened in Alabama?!? Terminator GENISYS?!?! c'mon @DrewsiferxXx  talk to your people! https://t.co/CoUb7Kp3G5
4,RT @HistoryTime_: Arnold Schwarzenegger getting his prosthesis done for The Terminator (1984) Terminator 2: Judgement Day (1991) Terminatorâ€¦
4,RT @HistoryTime_: Arnold Schwarzenegger getting his prosthesis done for The Terminator (1984) Terminator 2: Judgement Day (1991) Terminatorâ€¦
0,Now Alabama loving Terminator Genisys? That is unforgivable
0,Now Alabama loving Terminator Genisys? That is unforgivable
2,"Man, #TheDoctor has gone deep undercover.  He's got something up his sleeve.  @Terminator: Genisys.  @bbcdoctorwho"
0,WTF happened in Alabama?!? Terminator GENISYS?!?! c'mon @DrewsiferxXx  talk to your people! https://t.co/CoUb7Kp3G5
2,"""Goddamn time-traveling robots covering up their goddamn tracks."" (Yep, I'm watching @Terminator: Genisys.) #NowWatching"
2,RT @HistoryTime_: Arnold Schwarzenegger getting his prosthesis done for The Terminator (1984) Terminator 2: Judgement Day (1991) Terminatorâ€¦
2,@QueensGamb1t Para cuando tenga 45 minutos libres: https://t.co/mge3jwkLtX
2,RT @HistoryTime_: Arnold Schwarzenegger getting his prosthesis done for The Terminator (1984) Terminator 2: Judgement Day (1991) Terminatorâ€¦
2,Terminator Genisys es tostada
4,"@s_troehler terminator genisys is an entire movie based on reminding people how awesome t1 and t2 were, same with jurassic world"
2,Lydia Hearst Terminator Genisys Premiere in Hollywood https://t.co/KgsqsMgpRK #LydiaHearst
4,I liked a @YouTube video https://t.co/vUu1xOgxui MPC Terminator Genisys VFX breakdown
2,Terminator Genisys https://t.co/sI30wF7Ejl
2,RT @HistoryTime_: Arnold Schwarzenegger getting his prosthesis done for The Terminator (1984) Terminator 2: Judgement Day (1991) Terminatorâ€¦
2,Sarah Dumont Terminator Genisys Premiere in Hollywood https://t.co/4I0dLeTody #SarahDumont
2,Emilia Clarke Terminator Genisys Photocall in Paris https://t.co/JRo1f5lonp #EmiliaClarke
2,RT @HistoryTime_: Arnold Schwarzenegger getting his prosthesis done for The Terminator (1984) Terminator 2: Judgement Day (1991) Terminatorâ€¦
0,Both Terminator Salvation and Terminator Genisys were  both bad Terminator movies Terminator and T2 were good movies ğŸ‘ğŸ‘ŒğŸ˜€
0,Both Terminator Salvation and Terminator Genisys were  both bad Terminator movies Terminator and T2 were good movies ğŸ‘ğŸ‘ŒğŸ˜€
2,ğŸ“ºğŸ¿ â€” estoy viendo Terminator Genisys en LambarÃ© https://t.co/ek3CllaPqI
2,RT @HistoryTime_: Arnold Schwarzenegger getting his prosthesis done for The Terminator (1984) Terminator 2: Judgement Day (1991) Terminatorâ€¦
2,Estoy viendo Terminator Genisys en Cinecanal despuÃ©s de mucho tiempo y miÃ©rcoles! CuÃ¡nta droga!
2,RT @HistoryTime_: Arnold Schwarzenegger getting his prosthesis done for The Terminator (1984) Terminator 2: Judgement Day (1991) Terminatorâ€¦
0,"After watching Terminator Genisys for a second time since I saw it in theaters, I conclude it to be a bad ass flick."
2,RT @HistoryTime_: Arnold Schwarzenegger getting his prosthesis done for The Terminator (1984) Terminator 2: Judgement Day (1991) Terminatorâ€¦
2,"No puedo estudiar ahora, Â¿no ven que estÃ¡n pasando terminator genisys? Necesito verla."
2,RT @HistoryTime_: Arnold Schwarzenegger getting his prosthesis done for The Terminator (1984) Terminator 2: Judgement Day (1991) Terminatorâ€¦
0,Sicker than a dog so i decided to watch terminator:genisys. It did not help. If anything it made me feel worse.
2,RT @HistoryTime_: Arnold Schwarzenegger getting his prosthesis done for The Terminator (1984) Terminator 2: Judgement Day (1991) Terminatorâ€¦
2,RT @HistoryTime_: Arnold Schwarzenegger getting his prosthesis done for The Terminator (1984) Terminator 2: Judgement Day (1991) Terminatorâ€¦
2,RT @HistoryTime_: Arnold Schwarzenegger getting his prosthesis done for The Terminator (1984) Terminator 2: Judgement Day (1991) Terminatorâ€¦
2,RT @HistoryTime_: Arnold Schwarzenegger getting his prosthesis done for The Terminator (1984) Terminator 2: Judgement Day (1991) Terminatorâ€¦
2,RT @HistoryTime_: Arnold Schwarzenegger getting his prosthesis done for The Terminator (1984) Terminator 2: Judgement Day (1991) Terminatorâ€¦
2,RT @HistoryTime_: Arnold Schwarzenegger getting his prosthesis done for The Terminator (1984) Terminator 2: Judgement Day (1991) Terminatorâ€¦
2,RT @HistoryTime_: Arnold Schwarzenegger getting his prosthesis done for The Terminator (1984) Terminator 2: Judgement Day (1991) Terminatorâ€¦
2,RT @HistoryTime_: Arnold Schwarzenegger getting his prosthesis done for The Terminator (1984) Terminator 2: Judgement Day (1991) Terminatorâ€¦
2,RT @HistoryTime_: Arnold Schwarzenegger getting his prosthesis done for The Terminator (1984) Terminator 2: Judgement Day (1991) Terminatorâ€¦
2,RT @HistoryTime_: Arnold Schwarzenegger getting his prosthesis done for The Terminator (1984) Terminator 2: Judgement Day (1991) Terminatorâ€¦
2,RT @HistoryTime_: Arnold Schwarzenegger getting his prosthesis done for The Terminator (1984) Terminator 2: Judgement Day (1991) Terminatorâ€¦
2,RT @HistoryTime_: Arnold Schwarzenegger getting his prosthesis done for The Terminator (1984) Terminator 2: Judgement Day (1991) Terminatorâ€¦
2,RT @HistoryTime_: Arnold Schwarzenegger getting his prosthesis done for The Terminator (1984) Terminator 2: Judgement Day (1991) Terminatorâ€¦
2,RT @HistoryTime_: Arnold Schwarzenegger getting his prosthesis done for The Terminator (1984) Terminator 2: Judgement Day (1991) Terminatorâ€¦
2,RT @HistoryTime_: Arnold Schwarzenegger getting his prosthesis done for The Terminator (1984) Terminator 2: Judgement Day (1991) Terminatorâ€¦
2,RT @HistoryTime_: Arnold Schwarzenegger getting his prosthesis done for The Terminator (1984) Terminator 2: Judgement Day (1991) Terminatorâ€¦
2,RT @HistoryTime_: Arnold Schwarzenegger getting his prosthesis done for The Terminator (1984) Terminator 2: Judgement Day (1991) Terminatorâ€¦
2,RT @HistoryTime_: Arnold Schwarzenegger getting his prosthesis done for The Terminator (1984) Terminator 2: Judgement Day (1991) Terminatorâ€¦
2,RT @HistoryTime_: Arnold Schwarzenegger getting his prosthesis done for The Terminator (1984) Terminator 2: Judgement Day (1991) Terminatorâ€¦
2,RT @HistoryTime_: Arnold Schwarzenegger getting his prosthesis done for The Terminator (1984) Terminator 2: Judgement Day (1991) Terminatorâ€¦
2,Arnold Schwarzenegger getting his prosthesis done for The Terminator (1984) Terminator 2: Judgement Day (1991) Termâ€¦ https://t.co/iW5t9TdcbW
0,"The only thing worse is when movies spoil their twists in the marketing. Looking at you, Star Trek Beyond and Termiâ€¦ https://t.co/0EVl8FVDGi"
2,watching Terminator Genisys
2,"J'aime une vidÃ©o @YouTubeÂ : ""TERMINATOR GENISYS - film complet en francais"" Ã  l'adresse https://t.co/ievSFq50VE."
2,"J'aime une vidÃ©o @YouTubeÂ : ""TERMINATOR GENISYS - film complet en francais"" Ã  l'adresse https://t.co/ievSFq50VE."
2,"GRATIS: Google Chromecast 2 ab 23,99â‚¬ (statt 30â‚¬) + Serie â€Orphan Blackâ€œ Staffel 1 oder 2 (HD) #kostenlos â–ºâ€¦ https://t.co/SWiG5Qtp1U"
2,The Movie Preview Review Eps 128 - Terminator Genisys https://t.co/lBdbaPKNhi
2,The Movie Preview Review Eps 128 - Terminator Genisys https://t.co/Z8qSQDHR6V
2,The Movie Preview Review Eps 128 - Terminator Genisys https://t.co/kaOxVWO27T
2,The Movie Preview Review Eps 128 - Terminator Genisys https://t.co/1Btlj6O3uz
0,@DorothyFahn You think that's impressive? See what a CGI Schwarzenegger looks like in Terminator Genisys: https://t.co/XfGmiMooiJ
2,#GameofThrone Emilia Clarke Autographed #Photo:Game of Thrones/Terminator Genisys/Me Before Youâ€¦ https://t.co/2gmWUGyv3S
2,#EmiliaClarke Emilia Clarke Autographed #Photo:Game of Thrones/Terminator Genisys/Me Before Youâ€¦ https://t.co/BbNWjanf6L
0,Finishing Terminator: Genisys today. Amazing how much crap they've thrown into this franchise
0,Finishing Terminator: Genisys today. Amazing how much crap they've thrown into this franchise
2,Mi Ã¨ piaciuto un video di @YouTube: https://t.co/taD8h6vFev MPC Terminator Genisys VFX breakdown
2,Mi Ã¨ piaciuto un video di @YouTube: https://t.co/taD8h6vFev MPC Terminator Genisys VFX breakdown
2,Mi Ã¨ piaciuto un video di @YouTube: https://t.co/taD8h6vFev MPC Terminator Genisys VFX breakdown
2,Mi Ã¨ piaciuto un video di @YouTube: https://t.co/taD8h6vFev MPC Terminator Genisys VFX breakdown
2,Mi Ã¨ piaciuto un video di @YouTube: https://t.co/taD8h6vFev MPC Terminator Genisys VFX breakdown
2,Mi Ã¨ piaciuto un video di @YouTube: https://t.co/taD8h6vFev MPC Terminator Genisys VFX breakdown
2,Mi Ã¨ piaciuto un video di @YouTube: https://t.co/taD8h6vFev MPC Terminator Genisys VFX breakdown
2,Mi Ã¨ piaciuto un video di @YouTube: https://t.co/taD8h6vFev MPC Terminator Genisys VFX breakdown
2,Mi Ã¨ piaciuto un video di @YouTube: https://t.co/taD8h6vFev MPC Terminator Genisys VFX breakdown
2,Mi Ã¨ piaciuto un video di @YouTube: https://t.co/taD8h6vFev MPC Terminator Genisys VFX breakdown
2,Mi Ã¨ piaciuto un video di @YouTube: https://t.co/taD8h6vFev MPC Terminator Genisys VFX breakdown
2,Mi Ã¨ piaciuto un video di @YouTube: https://t.co/taD8h6vFev MPC Terminator Genisys VFX breakdown
2,Mi Ã¨ piaciuto un video di @YouTube: https://t.co/taD8h6vFev MPC Terminator Genisys VFX breakdown
2,Mi Ã¨ piaciuto un video di @YouTube: https://t.co/taD8h6vFev MPC Terminator Genisys VFX breakdown
2,Mi Ã¨ piaciuto un video di @YouTube: https://t.co/taD8h6vFev MPC Terminator Genisys VFX breakdown
2,Mi Ã¨ piaciuto un video di @YouTube: https://t.co/taD8h6vFev MPC Terminator Genisys VFX breakdown
2,Mi Ã¨ piaciuto un video di @YouTube: https://t.co/taD8h6vFev MPC Terminator Genisys VFX breakdown
2,Mi Ã¨ piaciuto un video di @YouTube: https://t.co/taD8h6vFev MPC Terminator Genisys VFX breakdown
2,Mi Ã¨ piaciuto un video di @YouTube: https://t.co/taD8h6vFev MPC Terminator Genisys VFX breakdown
2,Mi Ã¨ piaciuto un video di @YouTube: https://t.co/taD8h6vFev MPC Terminator Genisys VFX breakdown
2,Mi Ã¨ piaciuto un video di @YouTube: https://t.co/taD8h6vFev MPC Terminator Genisys VFX breakdown
2,Mi Ã¨ piaciuto un video di @YouTube: https://t.co/taD8h6vFev MPC Terminator Genisys VFX breakdown
2,Mi Ã¨ piaciuto un video di @YouTube: https://t.co/taD8h6vFev MPC Terminator Genisys VFX breakdown
2,Mi Ã¨ piaciuto un video di @YouTube: https://t.co/taD8h6vFev MPC Terminator Genisys VFX breakdown
2,Mi Ã¨ piaciuto un video di @YouTube: https://t.co/taD8h6vFev MPC Terminator Genisys VFX breakdown
